{"mean":{"confidence_interval":{"confidence_level":0.95,"lower_bound":52009916.124,"upper_bound":52685975.11975},"point_estimate":52324532.09,"standard_error":172056.34780375776},"median":{"confidence_interval":{"confidence_level":0.95,"lower_bound":51539167.0,"upper_bound":51835709.0},"point_estimate":51652729.5,"standard_error":83789.27130267289},"median_abs_dev":{"confidence_interval":{"confidence_level":0.95,"lower_bound":374882.07504451275,"upper_bound":710164.6460920572},"point_estimate":512454.7505021095,"standard_error":89757.54264495621},"slope":null,"std_dev":{"confidence_interval":{"confidence_level":0.95,"lower_bound":1174147.691811633,"upper_bound":2208867.812139682},"point_estimate":1728903.7966550773,"standard_error":264588.7747655663}}