{"mean":{"confidence_interval":{"confidence_level":0.95,"lower_bound":5050048.488575,"upper_bound":5097909.852900002},"point_estimate":5072732.243,"standard_error":12266.451805214616},"median":{"confidence_interval":{"confidence_level":0.95,"lower_bound":5014820.8,"upper_bound":5051985.4},"point_estimate":5036349.949999999,"standard_error":9879.540285508689},"median_abs_dev":{"confidence_interval":{"confidence_level":0.95,"lower_bound":46294.18417811394,"upper_bound":83155.32602369785},"point_estimate":64387.98251688356,"standard_error":10103.998277387183},"slope":null,"std_dev":{"confidence_interval":{"confidence_level":0.95,"lower_bound":87637.06910206632,"upper_bound":155552.94732385266},"point_estimate":123476.3956493499,"standard_error":17444.82093812378}}