{"mean":{"confidence_interval":{"confidence_level":0.95,"lower_bound":95.35916516717344,"upper_bound":97.24254822054321},"point_estimate":96.15866961792285,"standard_error":0.48872079298373494},"median":{"confidence_interval":{"confidence_level":0.95,"lower_bound":94.98014747589336,"upper_bound":95.2803250915751},"point_estimate":95.16001368893811,"standard_error":0.0829586507424814},"median_abs_dev":{"confidence_interval":{"confidence_level":0.95,"lower_bound":0.5696838986693663,"upper_bound":1.056669736569819},"point_estimate":0.7555291080196419,"standard_error":0.12593204820970663},"slope":{"confidence_interval":{"confidence_level":0.95,"lower_bound":95.84992805882223,"upper_bound":97.40320827560785},"point_estimate":96.61387724026655,"standard_error":0.39730630012640017},"std_dev":{"confidence_interval":{"confidence_level":0.95,"lower_bound":1.5116044087776264,"upper_bound":7.646451063495908},"point_estimate":4.926517131276735,"standard_error":1.661042544652399}}