{"mean":{"confidence_interval":{"confidence_level":0.95,"lower_bound":4921359.112022726,"upper_bound":5148936.316613633},"point_estimate":5018577.159999999,"standard_error":58627.39686207847},"median":{"confidence_interval":{"confidence_level":0.95,"lower_bound":4867920.454545455,"upper_bound":4886772.727272727},"point_estimate":4876496.227272727,"standard_error":5005.318905945598},"median_abs_dev":{"confidence_interval":{"confidence_level":0.95,"lower_bound":27641.59390926361,"upper_bound":54446.192742477826},"point_estimate":38508.310416339446,"standard_error":7142.791125652492},"slope":null,"std_dev":{"confidence_interval":{"confidence_level":0.95,"lower_bound":167710.6116435083,"upper_bound":912687.8955444255},"point_estimate":588935.4267787983,"standard_error":190319.5645041793}}