{"mean":{"confidence_interval":{"confidence_level":0.95,"lower_bound":1402.6012990910478,"upper_bound":1410.6564230343045},"point_estimate":1406.4322593478844,"standard_error":2.0524476728379626},"median":{"confidence_interval":{"confidence_level":0.95,"lower_bound":1398.1201304639396,"upper_bound":1405.2206487399897},"point_estimate":1401.566241642789,"standard_error":1.6554977387207173},"median_abs_dev":{"confidence_interval":{"confidence_level":0.95,"lower_bound":9.01510025666866,"upper_bound":14.211559318405133},"point_estimate":11.329229337547806,"standard_error":1.3331121067060026},"slope":{"confidence_interval":{"confidence_level":0.95,"lower_bound":1399.9046686525085,"upper_bound":1405.9995957362173},"point_estimate":1402.7378512569214,"standard_error":1.5574736431155725},"std_dev":{"confidence_interval":{"confidence_level":0.95,"lower_bound":14.508335837851488,"upper_bound":25.65306549437376},"point_estimate":20.559996374101456,"standard_error":2.8408804340177247}}