{"mean":{"confidence_interval":{"confidence_level":0.95,"lower_bound":6481347.65746875,"upper_bound":6513666.8033125},"point_estimate":6496690.16375,"standard_error":8263.831339511758},"median":{"confidence_interval":{"confidence_level":0.95,"lower_bound":6457703.125,"upper_bound":6485838.5},"point_estimate":6471669.25,"standard_error":7331.218917384329},"median_abs_dev":{"confidence_interval":{"confidence_level":0.95,"lower_bound":30296.745137125254,"upper_bound":58867.651242390275},"point_estimate":46917.988117039204,"standard_error":7111.0849756407915},"slope":null,"std_dev":{"confidence_interval":{"confidence_level":0.95,"lower_bound":58449.39410669574,"upper_bound":103263.74864608033},"point_estimate":82799.48870910097,"standard_error":11451.161119669927}}